name,start,end,extension_start,extension_end
Donald Cowan,1967,1996,1996,
Wes Graham,1967,1994,1994,1999
Douglas Lawson,1967,1988,,
John Wilson,1967,1969,,
Janos Aczel,1967,1975,,
H. Haruki,1967,1975,,
Mike McKiernan,1967,1975,,
John Brzozowski,1967,1996,1996,2019
John Vellinga,1967,1994,,
Rina Cohen,1968,1971,,
Eric Manning,1968,1986,,
Tomas Pietrzykowski,1968,1980,,
Robert Roden,1968,1971,,
Palaniappan Kannappan,1968,1975,,
Karel Culik,1969,1989,,
Arnie Dyck,1969,2007,,
Patrick Fischer,1969,1974,,
Charlotte Froese-Fischer,1969,1974,,
Morven Gentleman,1969,1984,,
James Linders,1969,1976,,
David McNaughton,1969,1970,,
John Baker,1969,1975,,
Edward Ashcroft,1970,1984,,
Peter Brillinger,1970,1973,,
Doron Cohen,1970,1971,,
Raymond Zahar,1970,1972,,
Carl Kohn,1970,1973,,
Robert Benesch,1971,1974,,
Alan George,1971,2005,2005,
David Jackson,1971,1972,,
David Morgan,1971,1980,,
Ian Munro,1971,2021,2021,
Bruce Simpson,1971,2005,,
C.T. Ng,1971,1975,,
Richard Peebles,1972,1977,,
Edward Robertson,1972,1974,,
Paul Dirksen,1973,1974,,
Keith Geddes,1973,2009,2009,2011
Michael Malcolm,1973,1986,,
Laurie Rogers,1973,1977,,
Thomas Maibaum,1974,1982,,
Gary Sager,1974,1979,,
Frank Tompa,1974,2014,2014,
John Morris,1975,1987,,
James Smith,1975,1980,,
Maarten Van Emden,1975,1987,,
Johnny Wong,1975,2016,2016,
Kellogg Booth,1977,1991,,
Phillip Cox,1977,1978,,
Matthew Hennessy,1977,1978,,
Marek Irland,1977,1978,,
Doron Rotem,1977,1987,,
David Taylor,1977,2016,2016,
James Welch,1977,1985,,
John Beatty,1978,2010,,
Gaston Gonnet,1978,1991,,
Richard Bartels,1979,1999,,
Andrew Conn,1979,1988,,
Farhad Mavaddat,1979,2016,2016,2021
Thomas Cargill,1980,1982,,
Bruce Char,1981,1987,,
Areski Nait-Abdallah,1981,1984,,
Forbes Burkowski,1982,2015,2015,
Douglas Dyment,1982,1987,,
Patrick Dymond,1982,1983,,
Per-Åke Larson,1982,1997,,
Neil Ostlund,1982,1988,,
Derick Wood,1982,1992,,
Romas Aleliunas,1983,1987,,
Gordon Cormack,1983,2023,2023,
Dan Field,1983,1987,,
Howard Johnson,1983,1988,,
Jay Black,1984,2009,,
Robin Cohen,1984,,,
Charles Colbourn,1984,1987,,
Marlene Jones,1984,1987,,
Jack Mosevich,1984,1986,,
Jan Pachl,1984,1987,,
Stavros Christodoulakis,1985,1991,,
Randy Goebel,1985,1987,,
Peter Buhr,1986,,,
Jonathan Buss,1986,2023,,
David Poole,1986,1988,,
Edward Chan,1987,2017,,
Peter Forsyth,1987,2017,,
Ronald Goldman,1987,1991,,
Anna Lubiw,1987,2021,2021,
Anne Pidduck,1987,2011,,
Wendy Seward,1987,1992,,
Wei-Pai Tang,1987,2001,,
Grant Weddell,1987,,,
Faheim Bacchus,1988,1999,,
William Cowan,1988,2019,,
George Labahn,1988,2025,2025,
Prabhakar Ragde,1988,,,
Ming Li,1989,2023,2023,
Qiang Yang,1989,1995,,
Michael Coffin,1990,1994,,
Chrysanne Di Marco,1990,2017,,
Dominic Duggan,1990,1996,,
Jo Ebergen,1990,1998,,
Jeffery Shallit,1990,2023,2023,
Byron Weber Becker,1991,,,
Mark Friedell,1991,1991,,
Naomi Nishimura,1991,,,
Joanne Atlee,1992,,,
Rick Kazman,1992,1996,,
Stephen Mann,1993,,,
Michael McCool,1994,2009,,
Kenneth Salem,1994,2023,2023,
Nicholas Cercone,1997,2002,,
Richard Holt,1997,2015,,
Paul Kearney,1997,2003,,
Tim Brecht,1998,2025,2025,
Brendan Frey,1998,2003,,
Michael Godfrey,1998,,,
Dale Schuurmans,1998,2004,,
David Toman,1998,,,
Troy Vasiga,1998,,,
Daniel Berry,1999,,,
Therese Biedl,1999,,,
Raouf Boutaba,1999,,,
Timothy Chan,1999,2017,,
Charles Clarke,1999,,,
David Johnston,1999,2010,,
Richard Mann,1999,,,
John-Paul Pretti,1999,2007,,
Lori Case,2000,,,
Tamer Özsu,2000,,,
Peter van Beek,2000,,,
Gladimir Baranowski,2001,,,
Dan Brown,2001,,,
Nancy Day,2001,,,
Mark Giesbrecht,2001,,,
Alejandro López-Ortiz,2001,2017,,
Andrew Malton,2001,2008,,
Justin Wan,2001,,,
Gisli Hjaltason,2002,2003,,
Martin Karsten,2002,,,
Steve MacDonald,2002,2009,,
Douglas Stinson,2002,2019,2019,
Arne Storjohann,2002,,,
Richard Trefler,2002,,,
Craig Kaplan,2003,,,
Keshav,2003,2020,,
Jeff Orchard,2003,,,
Ashraf Aboulnaga,2004,2016,,
Shai Ben-David,2004,,,
Richard Cleve,2004,,,
Ihab Ilyas,2004,2026,,
Kate Larson,2004,,,
Ian McKillop,2004,2019,,
Pascal Poupart,2004,,,
Urs Hengartner,2005,,,
Andrew Morton,2005,2017,,
Yuying Li,2005,,,
Ian Goldberg,2006,,,
Edward Lank,2006,2022,,
Ondrej Lhotak,2006,,,
Michael Terry,2006,2017,,
John Watrous,2006,2019,,
Khuzaima Daudjee,2007,,,
Bin Ma,2008,,,
Ben Reichardt,2008,2011,,
Jesse Hoey,2010,,,
Reid Holmes,2010,2016,,
Brad Lushman,2010,,,
Dave Tompkins,2011,,,
Bernard Wong,2011,,,
Frank Tip,2012,2015,,
Christopher Batty,2013,,,
Dan Vogel,2013,,,
Eric Blais,2014,,,
Edith Law,2014,,,
Nomair Naeem,2014,,,
Mark Petrick,2014,,,
Gregor Richards,2014,,,
Lila Kari,2015,,,
Lap Chi Lau,2015,,,
Jimmy Lin,2015,,,
Éric Schost,2015,,,
Stephen Watt,2015,,,
Jeff Avery,2016,,,
Collin Roberts,2016,,,
Victoria Sakhnini,2016,,,
Samer Al Kiswany,2016,,,
Sergey Gorbunov,2016,,,
Mei Nagappan,2016,,,
Semih Salihoglu,2016,,,
Yaoliang Yu,2016,,,
Carmen Bruni,2017,,,
Alice Gao,2017,2021,,
Leslie Istead,2017,2020,,
Ali José Mashtizadeh,2017,,,
Florian Kerschbaum,2017,,,
Omid Abari,2018,2022,,
Shalev Ben-David,2018,,,
Yuri Boykov,2018,,,
Trevor Brown,2018,,,
Kimon Fountoulakis,2018,,,
Kevin Lanctot,2018,,,
Adrian Reetz,2018,,,
Olga Veksler,2018,,,
Ali Abedi,2019,2022,,
N. Asokan,2019,,,
Xi He,2019,,,
Gautam Kamath,2019,,,
Chengnian Sun,2019,,,
Jian Zhao,2019,,,
Yousra Aafer,2020,,,
Toshiya Hachisuka,2020,,,
Dan Holtby,2020,,,
Rosina Kharal,2020,2022,,
Michael Liu,2010,2017,,
Michael Liu,2023,,,
Shane McIntosh,2020,,,
Cameron Morland,2020,,,
Rafael Oliveira,2020,,,
Stacey Watson,2020,,,
Yizhou Zhang,2020,,,
Mohammad Hajiabadi,2021,,,
Zille Huma Kamal,2021,,,
Meng Xu,2021,,,
Mina Tahmasbi Arashloo,2022,,,
Diogo Barradas,2022,,,
Wenhu Chen,2022,,,
Sujaya Maiyya,2022,,,
Richard Peng,2022,2023,,
Hongyang Zhang,2022,,,
Sepehr Assadi,2023,,,
Irene Yiqing Huang,2023,2024,,
Armin Jamshidpey,2023,,,
Sihang Liu,2023,,,
Yang Lu,2023,2025,,
Pengyu Nie,2023,,,
Leili Rafiee Sevyeri,2023,,,
Shlomi Steinberg,2023,,,
Hong Zhang,2023,,,
Matthew Brehmer,2024,,,
Ana Crisan,2024,,,
Yuntian Deng,2024,,,
Xiao Hu,2024,,,
Renée J. Miller,2024,,,
Luke Schaeffer,2024,,,
Freda Shi,2024,,,
Victor Zhong,2024,,,
Elena Grigorescu,2025,,,
Marina Meila,2025,,,
Curtis Bright,2025,,,
Santhoshini Velusamy,2026,,,
