name,year,headshot,width,height
Donald Cowan,1967.8870,assets/headshots/donald-cowan-01.jpg,27.660,39.395
Donald Cowan,1997.1272,assets/headshots/donald-cowan-02.jpg,28.233,37.643
Donald Cowan,2016.0958,assets/headshots/donald-cowan-03.jpg,25.920,36.374
Wes Graham,1966.7538,assets/headshots/wes-graham-01.jpg,27.263,38.087
Wes Graham,1992.8400,assets/headshots/wes-graham-02.jpg,28.200,39.479
Douglas Lawson,1974.9989,assets/headshots/douglas-lawson-01.jpg,28.200,39.479
John Brzozowski,1967.8294,assets/headshots/john-brzozowski-01.jpg,38.040,38.040
John Brzozowski,1979.1638,assets/headshots/john-brzozowski-02.jpg,25.920,36.526
John Brzozowski,2002.0063,assets/headshots/john-brzozowski-03.jpg,27.359,38.303
John Brzozowski,2016.0958,assets/headshots/john-brzozowski-04.jpg,25.920,36.374
John Vellinga,1978.1068,assets/headshots/john-vellinga-01.jpg,25.920,36.288
Eric Manning,1968.8413,assets/headshots/eric-manning-01.jpg,27.359,38.303
Karel Culik,1978.0382,assets/headshots/karel-culik-01.jpg,25.920,36.288
Arnie Dyck,1975.7058,assets/headshots/arnie-dyck-01.jpg,25.920,36.288
Arnie Dyck,2003.0749,assets/headshots/arnie-dyck-02.jpg,25.920,35.986
Patrick Fischer,1972.8888,assets/headshots/patrick-fischer-01.jpg,26.340,36.875
Morven Gentleman,1976.9641,assets/headshots/morven-gentleman-01.jpg,25.919,36.287
Edward Ashcroft,1977.9850,assets/headshots/edward-ashcroft-01.jpg,25.980,36.371
Alan George,1971.8124,assets/headshots/alan-george-01.jpg,25.919,36.287
Alan George,1998.0203,assets/headshots/alan-george-02.jpg,27.359,36.752
Alan George,2016.0958,assets/headshots/alan-george-03.jpg,25.920,36.374
Ian Munro,1971.8370,assets/headshots/ian-munro-01.jpg,25.919,36.287
Ian Munro,2003.0469,assets/headshots/ian-munro-02.jpg,25.860,36.203
Ian Munro,2010.8886,assets/headshots/ian-munro-03.jpg,25.920,36.374
Ian Munro,2023.1565,assets/headshots/ian-munro-04.jpg,26.813,37.538
Bruce Simpson,1972.8756,assets/headshots/bruce-simpson-01.jpg,25.979,36.371
Bruce Simpson,1984.9471,assets/headshots/bruce-simpson-02.jpg,25.919,36.287
Bruce Simpson,2004.0833,assets/headshots/bruce-simpson-03.jpg,25.920,38.311
Keith Geddes,1973.7813,assets/headshots/keith-geddes-01.jpg,25.979,36.371
Keith Geddes,2003.0240,assets/headshots/keith-geddes-02.jpg,25.920,36.302
Michael Malcolm,1977.9674,assets/headshots/michael-malcolm-01.jpg,25.979,36.371
Frank Tompa,1974.6775,assets/headshots/frank-tompa-01.jpg,25.979,36.371
Frank Tompa,2003.9159,assets/headshots/frank-tompa-02.jpg,25.919,36.287
Frank Tompa,2016.0382,assets/headshots/frank-tompa-03.jpg,25.920,36.374
John Morris,1977.9803,assets/headshots/john-morris-01.jpg,25.920,36.288
Maarten Van Emden,1979.0058,assets/headshots/maarten-van-emden-01.jpg,25.920,36.287
Johnny Wong,1976.7098,assets/headshots/johnny-wong-01.jpg,25.920,36.287
Johnny Wong,2002.0605,assets/headshots/johnny-wong-02.jpg,25.920,36.288
Johnny Wong,2010.8886,assets/headshots/johnny-wong-03.jpg,25.920,36.374
Kellogg Booth,1977.7582,assets/headshots/kellogg-booth-01.jpg,25.920,36.287
Marek Irland,1978.7628,assets/headshots/marek-irland-01.jpg,25.962,31.587
Doron Rotem,1978.7107,assets/headshots/doron-rotem-01.jpg,25.920,36.287
David Taylor,1977.7586,assets/headshots/david-taylor-01.jpg,25.920,36.287
David Taylor,2010.9181,assets/headshots/david-taylor-02.jpg,25.920,36.374
David Taylor,2015.1936,assets/headshots/david-taylor-03.jpg,25.920,36.288
John Beatty,1979.6770,assets/headshots/john-beatty-01.jpg,25.920,36.288
John Beatty,2003.9782,assets/headshots/john-beatty-02.jpg,25.920,36.287
Gaston Gonnet,1978.7107,assets/headshots/gaston-gonnet-01.jpg,25.920,36.288
Richard Bartels,1979.7537,assets/headshots/richard-bartels-01.jpg,25.920,36.288
Farhad Mavaddat,1979.7821,assets/headshots/farhad-mavaddat-01.jpg,25.979,35.951
Farhad Mavaddat,2003.8904,assets/headshots/farhad-mavaddat-02.jpg,25.981,35.161
Farhad Mavaddat,2015.1951,assets/headshots/farhad-mavaddat-03.jpg,25.920,36.374
Forbes Burkowski,1982.7648,assets/headshots/forbes-burkowski-01.jpg,25.979,36.371
Forbes Burkowski,2002.9627,assets/headshots/forbes-burkowski-02.jpg,25.920,38.880
Forbes Burkowski,2010.8582,assets/headshots/forbes-burkowski-03.jpg,25.920,36.374
Per-Åke Larson,1982.7928,assets/headshots/per-ake-larson-01.jpg,25.979,36.371
Derick Wood,1982.8007,assets/headshots/derick-wood-01.jpg,26.280,35.699
Gordon Cormack,1983.7722,assets/headshots/gordon-cormack-01.jpg,25.919,36.287
Gordon Cormack,2003.0651,assets/headshots/gordon-cormack-02.jpg,25.919,38.879
Gordon Cormack,2010.9159,assets/headshots/gordon-cormack-03.jpg,25.920,32.573
Jay Black,1985.6750,assets/headshots/jay-black-01.jpg,25.979,36.371
Jay Black,2004.9455,assets/headshots/jay-black-02.jpg,25.919,38.879
Robin Cohen,1984.8061,assets/headshots/robin-cohen-01.jpg,25.919,36.287
Robin Cohen,2003.0246,assets/headshots/robin-cohen-02.jpg,25.919,36.287
Peter Buhr,1987.8013,assets/headshots/peter-buhr-01.jpg,25.919,36.287
Peter Buhr,2002.9737,assets/headshots/peter-buhr-02.jpg,25.919,36.089
Peter Buhr,2016.0958,assets/headshots/peter-buhr-03.jpg,25.920,36.374
Jonathan Buss,1986.7779,assets/headshots/jonathan-buss-01.jpg,25.919,36.287
Jonathan Buss,2001.8545,assets/headshots/jonathan-buss-02.jpg,25.919,36.089
Edward Chan,1987.7677,assets/headshots/edward-chan-01.jpg,25.919,36.287
Edward Chan,2004.9911,assets/headshots/edward-chan-02.jpg,25.920,36.339
Peter Forsyth,1987.7775,assets/headshots/peter-forsyth-01.jpg,25.919,36.287
Peter Forsyth,2002.9301,assets/headshots/peter-forsyth-02.jpg,25.919,38.879
Peter Forsyth,2016.0958,assets/headshots/peter-forsyth-03.jpg,25.920,36.374
Anna Lubiw,1987.7685,assets/headshots/anna-lubiw-01.jpg,25.919,36.287
Anna Lubiw,2004.9895,assets/headshots/anna-lubiw-02.jpg,25.921,35.167
Anna Lubiw,2016.0958,assets/headshots/anna-lubiw-03.jpg,25.920,36.374
Anne Pidduck,1994.8630,assets/headshots/anne-pidduck-01.jpg,25.919,36.287
Anne Pidduck,1999.8304,assets/headshots/anne-pidduck-02.jpg,25.919,36.287
Wei-Pai Tang,1987.7444,assets/headshots/wei-pai-tang-01.jpg,26.159,36.623
Grant Weddell,1987.7466,assets/headshots/grant-weddell-01.jpg,25.919,36.287
Grant Weddell,2002.9894,assets/headshots/grant-weddell-02.jpg,25.919,36.719
Grant Weddell,2016.0958,assets/headshots/grant-weddell-03.jpg,25.920,36.374
Faheim Bacchus,1988.8930,assets/headshots/faheim-bacchus-01.jpg,25.919,36.287
William Cowan,1988.8924,assets/headshots/william-cowan-01.jpg,25.919,36.287
William Cowan,2005.0057,assets/headshots/william-cowan-02.jpg,25.920,36.677
William Cowan,2016.0958,assets/headshots/william-cowan-03.jpg,25.920,36.374
George Labahn,1988.8924,assets/headshots/george-labahn-01.jpg,25.919,36.287
George Labahn,2003.7535,assets/headshots/george-labahn-02.jpg,25.919,36.287
George Labahn,2016.0958,assets/headshots/george-labahn-03.jpg,25.920,36.374
Prabhakar Ragde,1988.8907,assets/headshots/prabhakar-ragde-01.jpg,25.919,36.287
Prabhakar Ragde,2004.9989,assets/headshots/prabhakar-ragde-02.jpg,25.919,36.287
Prabhakar Ragde,2010.8840,assets/headshots/prabhakar-ragde-03.jpg,25.920,36.374
Ming Li,1991.0407,assets/headshots/ming-li-01.jpg,25.919,36.287
Ming Li,2003.7499,assets/headshots/ming-li-02.jpg,25.919,36.287
Ming Li,2011.9951,assets/headshots/ming-li-03.jpg,25.920,36.374
Chrysanne Di Marco,1990.9943,assets/headshots/chrysanne-di-marco-01.jpg,25.919,36.287
Chrysanne Di Marco,2005.0289,assets/headshots/chrysanne-di-marco-02.jpg,25.919,38.879
Chrysanne Di Marco,2016.0958,assets/headshots/chrysanne-di-marco-03.jpg,25.920,36.374
Jeffery Shallit,1991.0082,assets/headshots/jeffery-shallit-01.jpg,25.919,36.287
Jeffery Shallit,2016.0958,assets/headshots/jeffery-shallit-02.jpg,25.920,36.374
Jeffery Shallit,2021.4792,assets/headshots/jeffery-shallit-03.jpg,26.250,36.750
Byron Weber Becker,1996.0332,assets/headshots/byron-weber-becker-01.jpg,25.993,37.082
Byron Weber Becker,2005.0252,assets/headshots/byron-weber-becker-02.jpg,25.919,38.879
Byron Weber Becker,2016.0958,assets/headshots/byron-weber-becker-03.jpg,25.920,36.374
Naomi Nishimura,1991.7721,assets/headshots/naomi-nishimura-01.jpg,25.919,36.287
Naomi Nishimura,2016.0958,assets/headshots/naomi-nishimura-02.jpg,25.920,36.374
Joanne Atlee,1992.7999,assets/headshots/joanne-atlee-01.jpg,25.919,36.287
Joanne Atlee,2005.0426,assets/headshots/joanne-atlee-02.jpg,25.919,38.879
Joanne Atlee,2016.0958,assets/headshots/joanne-atlee-03.jpg,25.920,36.374
Stephen Mann,1993.9110,assets/headshots/stephen-mann-01.jpg,25.919,36.287
Stephen Mann,2005.0218,assets/headshots/stephen-mann-02.jpg,25.920,38.880
Stephen Mann,2010.8886,assets/headshots/stephen-mann-03.jpg,25.920,36.374
Michael McCool,1994.8814,assets/headshots/michael-mccool-01.jpg,25.919,36.287
Michael McCool,2005.0296,assets/headshots/michael-mccool-02.jpg,25.919,38.879
Kenneth Salem,1994.8838,assets/headshots/kenneth-salem-01.jpg,25.919,36.287
Kenneth Salem,2003.9511,assets/headshots/kenneth-salem-02.jpg,25.919,38.879
Kenneth Salem,2010.8886,assets/headshots/kenneth-salem-03.jpg,25.878,36.316
Nicholas Cercone,1997.8779,assets/headshots/nicholas-cercone-01.jpg,25.919,36.287
Richard Holt,1998.8857,assets/headshots/richard-holt-01.jpg,25.921,35.167
Tim Brecht,1998.8823,assets/headshots/tim-brecht-01.jpg,25.919,36.287
Tim Brecht,2016.0958,assets/headshots/tim-brecht-02.jpg,25.920,36.374
Michael Godfrey,1998.8823,assets/headshots/michael-godfrey-01.jpg,25.919,36.287
Michael Godfrey,2016.0958,assets/headshots/michael-godfrey-02.jpg,25.920,36.374
David Toman,1998.8684,assets/headshots/david-toman-01.jpg,25.919,36.287
David Toman,2016.0958,assets/headshots/david-toman-02.jpg,25.920,36.374
Troy Vasiga,2002.7837,assets/headshots/troy-vasiga-01.jpg,25.919,36.287
Troy Vasiga,2010.8886,assets/headshots/troy-vasiga-02.jpg,25.920,36.374
Daniel Berry,1999.8649,assets/headshots/daniel-berry-01.jpg,25.919,36.287
Daniel Berry,2008.5843,assets/headshots/daniel-berry-02.jpg,25.920,34.387
Daniel Berry,2016.0958,assets/headshots/daniel-berry-03.jpg,25.920,36.374
Daniel Berry,2024.0146,assets/headshots/daniel-berry-04.jpg,25.562,35.787
Therese Biedl,1999.8649,assets/headshots/therese-biedl-01.jpg,25.919,36.287
Therese Biedl,2016.0958,assets/headshots/therese-biedl-02.jpg,25.920,36.374
Raouf Boutaba,1999.8709,assets/headshots/raouf-boutaba-01.jpg,25.919,36.287
Raouf Boutaba,2010.8887,assets/headshots/raouf-boutaba-02.jpg,25.920,36.374
Raouf Boutaba,2016.0958,assets/headshots/raouf-boutaba-03.jpg,25.920,36.374
Raouf Boutaba,2025.2568,assets/headshots/raouf-boutaba-04.jpg,25.756,36.059
Timothy Chan,1999.8639,assets/headshots/timothy-chan-01.jpg,25.919,36.287
Timothy Chan,2013.9164,assets/headshots/timothy-chan-02.jpg,25.920,36.374
Charles Clarke,1999.8597,assets/headshots/charles-clarke-01.jpg,25.919,36.287
David Johnston,1999.8668,assets/headshots/david-johnston-01.jpg,25.919,36.287
David Johnston,2010.8838,assets/headshots/david-johnston-02.jpg,25.962,32.453
John-Paul Pretti,2004.6776,assets/headshots/john-paul-pretti-01.jpg,25.919,36.287
Lori Case,2000.8581,assets/headshots/lori-case-01.jpg,25.920,38.880
Lori Case,2016.0958,assets/headshots/lori-case-02.jpg,25.920,36.374
Tamer Özsu,2000.8645,assets/headshots/tamer-ozsu-01.jpg,25.919,36.287
Tamer Özsu,2007.2739,assets/headshots/tamer-ozsu-02.jpg,25.920,36.374
Tamer Özsu,2016.0958,assets/headshots/tamer-ozsu-03.jpg,25.920,36.374
Tamer Özsu,2025.2568,assets/headshots/tamer-ozsu-04.jpg,25.548,35.768
Peter van Beek,2000.8670,assets/headshots/peter-van-beek-01.jpg,25.290,36.228
Peter van Beek,2016.0958,assets/headshots/peter-van-beek-02.jpg,25.920,36.374
Gladimir Baranowski,2001.7980,assets/headshots/gladimir-baranowski-01.jpg,25.919,36.287
Gladimir Baranowski,2016.0958,assets/headshots/gladimir-baranowski-02.jpg,25.920,36.374
Dan Brown,2001.7980,assets/headshots/dan-brown-01.jpg,25.919,36.287
Dan Brown,2016.0958,assets/headshots/dan-brown-02.jpg,25.920,36.374
Nancy Day,2001.7980,assets/headshots/nancy-day-01.jpg,25.919,36.287
Nancy Day,2016.0958,assets/headshots/nancy-day-02.jpg,25.920,36.374
Mark Giesbrecht,2001.7980,assets/headshots/mark-giesbrecht-01.jpg,25.919,36.287
Mark Giesbrecht,2016.0958,assets/headshots/mark-giesbrecht-02.jpg,25.920,36.374
Mark Giesbrecht,2025.2036,assets/headshots/mark-giesbrecht-03.jpg,25.543,35.760
Alejandro López-Ortiz,2001.7980,assets/headshots/alejandro-lopez-ortiz-01.jpg,25.919,36.287
Alejandro López-Ortiz,2016.0958,assets/headshots/alejandro-lopez-ortiz-02.jpg,25.920,36.374
Andrew Malton,2001.7980,assets/headshots/andrew-malton-01.jpg,25.919,36.287
Justin Wan,2001.7883,assets/headshots/justin-wan-01.jpg,27.236,35.833
Justin Wan,2010.8485,assets/headshots/justin-wan-02.jpg,25.920,36.374
Martin Karsten,2002.8197,assets/headshots/martin-karsten-01.jpg,25.919,36.287
Martin Karsten,2010.8484,assets/headshots/martin-karsten-02.jpg,25.920,36.374
Steve MacDonald,2002.8194,assets/headshots/steve-macdonald-01.jpg,25.919,36.481
Douglas Stinson,2002.8244,assets/headshots/douglas-stinson-01.jpg,25.919,36.287
Douglas Stinson,2010.8775,assets/headshots/douglas-stinson-02.jpg,25.920,36.374
Arne Storjohann,2002.8221,assets/headshots/arne-storjohann-01.jpg,25.919,36.287
Arne Storjohann,2016.0958,assets/headshots/arne-storjohann-02.jpg,25.920,36.374
Richard Trefler,2002.8221,assets/headshots/richard-trefler-01.jpg,25.919,36.287
Craig Kaplan,2003.8166,assets/headshots/craig-kaplan-01.jpg,25.919,36.287
Craig Kaplan,2016.0958,assets/headshots/craig-kaplan-02.jpg,25.920,36.374
Keshav,2003.8166,assets/headshots/keshav-01.jpg,25.919,36.287
Keshav,2016.0958,assets/headshots/keshav-02.jpg,25.920,36.374
Jeff Orchard,2003.8204,assets/headshots/jeff-orchard-01.jpg,25.919,36.287
Jeff Orchard,2016.0958,assets/headshots/jeff-orchard-02.jpg,25.920,36.374
Ashraf Aboulnaga,2004.8382,assets/headshots/ashraf-aboulnaga-01.jpg,25.919,36.287
Shai Ben-David,2004.8242,assets/headshots/shai-ben-david-01.jpg,25.919,36.287
Richard Cleve,2004.8243,assets/headshots/richard-cleve-01.jpg,25.919,36.287
Richard Cleve,2016.0958,assets/headshots/richard-cleve-02.jpg,25.920,36.374
Ihab Ilyas,2004.8242,assets/headshots/ihab-ilyas-01.jpg,25.919,36.287
Ihab Ilyas,2016.0958,assets/headshots/ihab-ilyas-02.jpg,25.920,36.374
Kate Larson,2004.8243,assets/headshots/kate-larson-01.jpg,25.919,36.287
Kate Larson,2016.0958,assets/headshots/kate-larson-02.jpg,25.920,36.374
Ian McKillop,2004.8211,assets/headshots/ian-mckillop-01.jpg,25.919,36.287
Ian McKillop,2016.0958,assets/headshots/ian-mckillop-02.jpg,25.920,36.374
Pascal Poupart,2004.8266,assets/headshots/pascal-poupart-01.jpg,25.919,36.287
Pascal Poupart,2016.0958,assets/headshots/pascal-poupart-02.jpg,25.920,36.374
Urs Hengartner,2005.8164,assets/headshots/urs-hengartner-01.jpg,25.919,36.287
Urs Hengartner,2016.0958,assets/headshots/urs-hengartner-02.jpg,25.920,36.374
Andrew Morton,2016.0958,assets/headshots/andrew-morton-01.jpg,25.920,36.374
Yuying Li,2005.8278,assets/headshots/yuying-li-01.jpg,25.919,36.287
Yuying Li,2016.0958,assets/headshots/yuying-li-02.jpg,25.920,36.374
Ian Goldberg,2006.7987,assets/headshots/ian-goldberg-01.jpg,25.920,35.452
Ian Goldberg,2016.0958,assets/headshots/ian-goldberg-02.jpg,25.920,36.374
Edward Lank,2006.7975,assets/headshots/edward-lank-01.jpg,25.926,36.296
Edward Lank,2020.8560,assets/headshots/edward-lank-02.jpg,25.708,35.992
Ondrej Lhotak,2006.7977,assets/headshots/ondrej-lhotak-01.jpg,25.919,36.287
Michael Terry,2006.8004,assets/headshots/michael-terry-01.jpg,25.919,36.287
John Watrous,2006.7962,assets/headshots/john-watrous-01.jpg,25.920,36.339
John Watrous,2016.0958,assets/headshots/john-watrous-02.jpg,25.920,36.374
Khuzaima Daudjee,2007.8066,assets/headshots/khuzaima-daudjee-01.jpg,25.920,36.374
Bin Ma,2008.9225,assets/headshots/bin-ma-01.jpg,25.920,36.374
Bin Ma,2016.0958,assets/headshots/bin-ma-02.jpg,25.920,36.374
Jesse Hoey,2010.8073,assets/headshots/jesse-hoey-01.jpg,25.920,36.367
Reid Holmes,2010.8072,assets/headshots/reid-holmes-01.jpg,25.920,36.374
Brad Lushman,2010.8072,assets/headshots/brad-lushman-01.jpg,25.920,36.374
Dave Tompkins,2011.8127,assets/headshots/dave-tompkins-01.jpg,26.128,36.579
Bernard Wong,2011.8206,assets/headshots/bernard-wong-01.jpg,25.920,36.374
Christopher Batty,2013.7998,assets/headshots/christopher-batty-01.jpg,25.920,36.374
Dan Vogel,2013.7998,assets/headshots/dan-vogel-01.jpg,25.920,36.374
Eric Blais,2014.7373,assets/headshots/eric-blais-01.jpg,25.920,36.374
Edith Law,2014.7373,assets/headshots/edith-law-01.jpg,25.920,36.374
Nomair Naeem,2014.7375,assets/headshots/nomair-naeem-01.jpg,26.209,36.693
Mark Petrick,2014.7363,assets/headshots/mark-petrick-01.jpg,25.990,36.385
Gregor Richards,2014.7308,assets/headshots/gregor-richards-01.jpg,25.920,36.374
Lila Kari,2015.8180,assets/headshots/lila-kari-01.jpg,25.920,36.374
Lap Chi Lau,2015.8180,assets/headshots/lap-chi-lau-01.jpg,25.920,36.374
Jimmy Lin,2015.8180,assets/headshots/jimmy-lin-01.jpg,25.920,36.374
Éric Schost,2015.8180,assets/headshots/eric-schost-01.jpg,25.920,36.374
Stephen Watt,2015.8180,assets/headshots/stephen-watt-01.jpg,25.920,36.374
Jeff Avery,2016.8304,assets/headshots/jeff-avery-01.jpg,26.115,36.562
Collin Roberts,2016.8337,assets/headshots/collin-roberts-01.jpg,26.319,36.847
Victoria Sakhnini,2016.8219,assets/headshots/victoria-sakhnini-01.jpg,26.127,36.577
Samer Al Kiswany,2016.8086,assets/headshots/samer-al-kiswany-01.jpg,25.920,36.374
Sergey Gorbunov,2016.8086,assets/headshots/sergey-gorbunov-01.jpg,25.920,36.374
Mei Nagappan,2016.8086,assets/headshots/mei-nagappan-01.jpg,25.920,36.374
Semih Salihoglu,2016.8086,assets/headshots/semih-salihoglu-01.jpg,25.920,36.374
Yaoliang Yu,2016.8086,assets/headshots/yaoliang-yu-01.jpg,25.920,36.374
Carmen Bruni,2017.7945,assets/headshots/carmen-bruni-01.jpg,26.261,36.766
Alice Gao,2017.7951,assets/headshots/alice-gao-01.jpg,25.930,36.302
Leslie Istead,2017.7956,assets/headshots/leslie-istead-01.jpg,25.679,35.951
Ali José Mashtizadeh,2017.8075,assets/headshots/ali-jose-mashtizadeh-01.jpg,25.604,35.846
Florian Kerschbaum,2017.8057,assets/headshots/florian-kerschbaum-01.jpg,25.625,35.960
Omid Abari,2018.8833,assets/headshots/omid-abari-01.jpg,25.604,35.846
Shalev Ben-David,2018.8899,assets/headshots/shalev-ben-david-01.jpg,25.330,35.461
Yuri Boykov,2018.8985,assets/headshots/yuri-boykov-01.jpg,25.770,36.077
Trevor Brown,2018.9006,assets/headshots/trevor-brown-01.jpg,25.485,35.679
Kimon Fountoulakis,2018.8947,assets/headshots/kimon-fountoulakis-01.jpg,25.474,35.664
Olga Veksler,2018.8967,assets/headshots/olga-veksler-01.jpg,25.549,35.769
Ali Abedi,2019.6481,assets/headshots/ali-abedi-01.jpg,25.547,35.765
N. Asokan,2019.6493,assets/headshots/n-asokan-01.jpg,25.584,35.818
Xi He,2019.6464,assets/headshots/xi-he-01.jpg,25.584,35.818
Gautam Kamath,2019.6394,assets/headshots/gautam-kamath-01.jpg,25.384,35.538
Chengnian Sun,2019.6383,assets/headshots/chengnian-sun-01.jpg,25.553,35.774
Jian Zhao,2019.6262,assets/headshots/jian-zhao-01.jpg,25.770,36.077
Yousra Aafer,2020.7537,assets/headshots/yousra-aafer-01.jpg,25.836,36.182
Toshiya Hachisuka,2020.7554,assets/headshots/toshiya-hachisuka-01.jpg,25.923,36.292
Michael Liu,2010.9366,assets/headshots/michael-liu-01.jpg,25.598,35.837
Shane McIntosh,2020.7382,assets/headshots/shane-mcintosh-01.jpg,25.687,35.962
Rafael Oliveira,2020.7429,assets/headshots/rafael-oliveira-01.jpg,25.819,36.146
Stacey Watson,2020.7407,assets/headshots/stacey-watson-01.jpg,25.838,36.174
Yizhou Zhang,2020.7405,assets/headshots/yizhou-zhang-01.jpg,25.741,36.038
Mohammad Hajiabadi,2021.8026,assets/headshots/mohammad-hajiabadi-01.jpg,25.653,35.619
Zille Huma Kamal,2021.8026,assets/headshots/zille-huma-kamal-01.jpg,25.442,35.619
Meng Xu,2021.8023,assets/headshots/meng-xu-01.jpg,25.456,35.638
Mina Tahmasbi Arashloo,2022.6946,assets/headshots/mina-tahmasbi-arashloo-01.jpg,25.848,36.188
Diogo Barradas,2022.6930,assets/headshots/diogo-barradas-01.jpg,25.770,36.077
Wenhu Chen,2022.6882,assets/headshots/wenhu-chen-01.jpg,25.990,36.385
Sujaya Maiyya,2022.6828,assets/headshots/sujaya-maiyya-01.jpg,25.741,36.038
Richard Peng,2022.6758,assets/headshots/richard-peng-01.jpg,25.770,36.077
Hongyang Zhang,2022.6750,assets/headshots/hongyang-zhang-01.jpg,25.549,35.769
Sepehr Assadi,2023.7652,assets/headshots/sepehr-assadi-01.jpg,25.770,36.077
Armin Jamshidpey,2023.7652,assets/headshots/armin-jamshidpey-01.jpg,25.739,36.035
Sihang Liu,2023.7582,assets/headshots/sihang-liu-01.jpg,26.409,35.686
Yang Lu,2023.7617,assets/headshots/yang-lu-01.jpg,25.567,35.794
Pengyu Nie,2023.7515,assets/headshots/pengyu-nie-01.jpg,25.624,35.873
Leili Rafiee Sevyeri,2023.7501,assets/headshots/leili-rafiee-sevyeri-01.jpg,25.683,35.956
Shlomi Steinberg,2023.7483,assets/headshots/shlomi-steinberg-01.jpg,26.182,36.655
Hong Zhang,2023.7544,assets/headshots/hong-zhang-01.jpg,25.977,36.368
Matthew Brehmer,2024.8616,assets/headshots/matthew-brehmer-01.jpg,25.862,36.207
Ana Crisan,2024.8577,assets/headshots/ana-crisan-01.jpg,25.623,35.872
Yuntian Deng,2024.8527,assets/headshots/yuntian-deng-01.jpg,25.417,35.583
Xiao Hu,2024.8450,assets/headshots/xiao-hu-01.jpg,25.417,35.583
Luke Schaeffer,2024.8558,assets/headshots/luke-schaeffer-01.jpg,25.862,36.207
Freda Shi,2024.8516,assets/headshots/freda-shi-01.jpg,25.782,36.094
Victor Zhong,2024.8450,assets/headshots/victor-zhong-01.jpg,25.877,36.228
Elena Grigorescu,2026.7642,assets/headshots/elena-grigorescu-01.jpg,25.959,36.344
Marina Meila,2026.7590,assets/headshots/marina-meila-01.jpg,25.745,36.043
Curtis Bright,2026.7590,assets/headshots/curtis-bright-01.jpg,25.519,35.726
Santhoshini Velusamy,2026.7590,assets/headshots/santhoshini-velusamy-01.jpg,25.519,35.726
